<?xml version="1.0" encoding="UTF-8"?>
<beans:beans xmlns="http://www.springframework.org/schema/mvc"
	xmlns:xsi="http://www.w3.org/2001/XMLSchema-instance"
	xmlns:beans="http://www.springframework.org/schema/beans"
	xmlns:context="http://www.springframework.org/schema/context"
	xsi:schemaLocation="http://www.springframework.org/schema/mvc http://www.springframework.org/schema/mvc/spring-mvc.xsd
		http://www.springframework.org/schema/beans http://www.springframework.org/schema/beans/spring-beans.xsd
		http://www.springframework.org/schema/context http://www.springframework.org/schema/context/spring-context.xsd">

	<!-- DispatcherServlet Context: defines this servlet's request-processing infrastructure -->
	
	<!-- Enables the Spring MVC @Controller programming model -->
		<annotation-driven/>
	<!-- Handles HTTP GET requests for /resources/** by efficiently serving up static resources in the ${webappRoot}/resources directory -->
	<resources mapping="/resources/**" location="/resources/" /> 
	
	


	<!-- Resolves views selected for rendering by @Controllers to .jsp resources in the /WEB-INF/views directory -->
	<beans:bean class="org.springframework.web.servlet.view.InternalResourceViewResolver">
		<beans:property name="prefix" value="/WEB-INF/views/" />
		<beans:property name="suffix" value=".jsp" />
	</beans:bean>
	
	
	<beans:bean class="com.seven.sins.util.service.DownLoadImpl" id="downloadView"/>
	<beans:bean class="org.springframework.web.servlet.view.BeanNameViewResolver" id="fileViewResolver">
		<beans:property value="0" name="order"/>
	</beans:bean>
	
	<interceptors> 
	
	
	<interceptor> 
<mapping path="/*.do"/>
<mapping path="/*.j"/>
<mapping path="/*.y"/>
<mapping path="/*.b"/>
<mapping path="/*.p"/>
<mapping path="/*.k"/>
<mapping path="/*.n"/>
<mapping path="/*.l"/>
<exclude-mapping path="/loginCheck.k"/>

<beans:bean class="com.seven.sins.interceptor.LoginCheck"/> 
</interceptor>  

<interceptor> 
	<mapping path="/*.do"/>
	<mapping path="/*.j"/>
	<mapping path="/*.y"/>
	<mapping path="/*.b"/>
	<mapping path="/*.p"/>
	<mapping path="/*.k"/>
	<mapping path="/*.n"/>
	<mapping path="/*.l"/>
	<exclude-mapping path="/loginCheck.k"/>

	<beans:bean class="com.seven.sins.interceptor.LogInterceptor"/> 
</interceptor> 	

</interceptors>

	<context:component-scan base-package="com.seven.sins.**.controller" />
	

	
</beans:beans>
