<?xml version="1.0" encoding="UTF-8"?>
<!DOCTYPE mapper PUBLIC "-//mybatis.org//DTD Mapper 3.0//EN" "http://mybatis.org/dtd/mybatis-3-mapper.dtd">
<mapper namespace="alert">

	<resultMap id="alertmap" type="AlertVO">
		<result property="user_id" column="USER_ID" />
		<result property="classify" column="CLASSIFY" />
		<result property="content_no" column="CONTENT_NO" />
		<result property="insert_date" column="INSERT_DATE" />
		<result property="lev" column="LEV" />
		<result property="coment_no" column="COMENT_NO" />
		<result property="filepath" column="FILEPATH" />
		<result property="send_id" column="SEND_ID" />
	</resultMap>
	
	<select id="startlist" parameterType="string" resultMap="alertmap">
		select * from alert 
		where user_id = #{userId}
		order by insert_date DESC
	</select>
	
	<select id="allcount" parameterType="string" resultType="int">
		select count(*) from alert 
		where user_id = #{userid}
	</select>
	
	<delete id="alertdelete" parameterType="AlertVO">
		delete from alert 
		where user_id=#{user_id}
		and classify=#{classify}
		and content_no = #{content_no}
		
	</delete>	
	
</mapper>