<?xml version="1.0" encoding="UTF-8"?>
<beans xmlns="http://www.springframework.org/schema/beans"
	xmlns:xsi="http://www.w3.org/2001/XMLSchema-instance"
	xmlns:context="http://www.springframework.org/schema/context"
	xsi:schemaLocation="http://www.springframework.org/schema/beans http://www.springframework.org/schema/beans/spring-beans.xsd
		http://www.springframework.org/schema/context http://www.springframework.org/schema/context/spring-context-4.3.xsd">

	<bean id="mailSender" class="org.springframework.mail.javamail.JavaMailSenderImpl">
		<property name="host" value="smtp.gmail.com" />
		<property name="port" value="587" />
		<property name="defaultEncoding" value="utf-8"/>
		<property name="username" value="royalg083@gmail.com" />
		<property name="password" value="zndndn0414!" />
	 
		<property name="javaMailProperties">
		   <props>
	       	      <prop key="mail.smtp.auth">true</prop>
	       	      <prop key="mail.smtp.starttls.enable">true</prop>
	       	   </props>
		</property>
	</bean>
	 
	<bean id="email" class="com.seven.sins.common.mail.Email">
	</bean>
	<bean id="emailSender" class="com.seven.sins.common.mail.EmailSender">
	</bean>
	
</beans>
